{
    "xParams": [
        2680.655299338013,
        2737.2247488329413,
        2723.344700661987,
        2666.7752511670587
    ],
    "yParams": [
        1450.249260598355,
        1454.395902408311,
        1643.750739401645,
        1639.604097591689
    ],
    "path": [
        {
            "X": 14.248877503281506,
            "Y": -13.06591335004255,
            "angle": -1.6439672494914976,
            "id": 1
        },
        {
            "X": 13.609203087518267,
            "Y": -21.79250011932514,
            "angle": 3.0684217308931,
            "id": 89
        },
        {
            "X": 13.135474091471508,
            "Y": -21.757774936755126,
            "angle": 1.4976254040982955,
            "id": 94
        },
        {
            "X": 13.775148507234746,
            "Y": -13.031188167472536,
            "angle": 1.4976254040982955,
            "id": 182
        }
    ],
    "name": "zone_62",
    "slide": true,
    "slide_name": "slide_62"
}