{
    "imageCoordinateAxisAlignedBBox": [
        [
            843,
            2652
        ],
        [
            1068,
            2796
        ]
    ],
    "mapCoordinateAxisAlignedBBox": [
        [
            11.149000000000001,
            17.745000000000005
        ],
        [
            18.349000000000018,
            6.4950000000000045
        ]
    ],
    "walls": [
        {
            "closed": true,
            "beginning": [
                12.149000000000001,
                17.095
            ],
            "clockwise": false,
            "center": [
                14.699000000000012,
                12.344999999999999
            ],
            "midpoints": [
                [
                    12.149000000000001,
                    17.095
                ],
                [
                    12.049000000000007,
                    16.995000000000005
                ],
                [
                    12.199000000000012,
                    16.845
                ],
                [
                    12.199000000000012,
                    16.795000000000016
                ],
                [
                    12.299000000000007,
                    16.69500000000002
                ],
                [
                    12.299000000000007,
                    16.545000000000016
                ],
                [
                    12.34899999999999,
                    16.495000000000005
                ],
                [
                    12.34899999999999,
                    15.995000000000005
                ],
                [
                    12.299000000000007,
                    15.945000000000022
                ],
                [
                    12.299000000000007,
                    15.14500000000001
                ],
                [
                    12.248999999999995,
                    15.094999999999999
                ],
                [
                    12.248999999999995,
                    14.295000000000016
                ],
                [
                    12.199000000000012,
                    14.245000000000005
                ],
                [
                    12.199000000000012,
                    13.39500000000001
                ],
                [
                    12.149000000000001,
                    13.344999999999999
                ],
                [
                    12.149000000000001,
                    12.545000000000016
                ],
                [
                    12.09899999999999,
                    12.495000000000005
                ],
                [
                    12.09899999999999,
                    11.695000000000022
                ],
                [
                    12.049000000000007,
                    11.64500000000001
                ],
                [
                    12.049000000000007,
                    11.245000000000005
                ],
                [
                    11.998999999999995,
                    11.195000000000022
                ],
                [
                    11.998999999999995,
                    10.945000000000022
                ],
                [
                    11.949000000000012,
                    10.89500000000001
                ],
                [
                    11.949000000000012,
                    10.445000000000022
                ],
                [
                    11.899000000000001,
                    10.39500000000001
                ],
                [
                    11.899000000000001,
                    9.844999999999999
                ],
                [
                    11.84899999999999,
                    9.795000000000016
                ],
                [
                    11.84899999999999,
                    9.245000000000005
                ],
                [
                    11.799000000000007,
                    9.195000000000007
                ],
                [
                    11.799000000000007,
                    8.39500000000001
                ],
                [
                    11.949000000000012,
                    8.245000000000005
                ],
                [
                    12.248999999999995,
                    8.245000000000005
                ],
                [
                    12.299000000000007,
                    8.295000000000016
                ],
                [
                    12.549000000000007,
                    8.295000000000016
                ],
                [
                    12.59899999999999,
                    8.345000000000013
                ],
                [
                    12.748999999999995,
                    8.345000000000013
                ],
                [
                    12.799000000000007,
                    8.295000000000016
                ],
                [
                    13.399000000000001,
                    8.295000000000016
                ],
                [
                    13.449000000000012,
                    8.245000000000005
                ],
                [
                    14.299000000000007,
                    8.245000000000005
                ],
                [
                    14.34899999999999,
                    8.195000000000007
                ],
                [
                    14.699000000000012,
                    8.195000000000007
                ],
                [
                    14.748999999999995,
                    8.14500000000001
                ],
                [
                    15.299000000000007,
                    8.14500000000001
                ],
                [
                    15.34899999999999,
                    8.095000000000013
                ],
                [
                    15.59899999999999,
                    8.095000000000013
                ],
                [
                    15.649000000000001,
                    8.045000000000016
                ],
                [
                    15.998999999999995,
                    8.045000000000016
                ],
                [
                    16.049000000000007,
                    7.9950000000000045
                ],
                [
                    16.199000000000012,
                    7.9950000000000045
                ],
                [
                    16.299000000000007,
                    7.89500000000001
                ],
                [
                    16.34899999999999,
                    7.89500000000001
                ],
                [
                    16.449000000000012,
                    7.795000000000016
                ],
                [
                    16.449000000000012,
                    7.7450000000000045
                ],
                [
                    16.549000000000007,
                    7.64500000000001
                ],
                [
                    16.549000000000007,
                    7.4950000000000045
                ],
                [
                    16.649,
                    7.39500000000001
                ],
                [
                    16.699000000000012,
                    7.39500000000001
                ],
                [
                    16.84899999999999,
                    7.545000000000016
                ],
                [
                    16.84899999999999,
                    7.595000000000013
                ],
                [
                    17.049000000000007,
                    7.795000000000016
                ],
                [
                    17.049000000000007,
                    7.89500000000001
                ],
                [
                    17.09899999999999,
                    7.945000000000007
                ],
                [
                    17.09899999999999,
                    8.045000000000016
