{
    "imageCoordinateAxisAlignedBBox": [
        [
            1864,
            2693
        ],
        [
            2080,
            2778
        ]
    ],
    "mapCoordinateAxisAlignedBBox": [
        [
            13.199000000000012,
            -33.30499999999999
        ],
        [
            17.449000000000012,
            -44.105000000000004
        ]
    ],
    "walls": [
        {
            "closed": true,
            "beginning": [
                14.498999999999995,
                -34.754999999999995
            ],
            "clockwise": false,
            "center": [
                15.399000000000001,
                -38.80499999999999
            ],
            "midpoints": [
                [
                    14.498999999999995,
                    -34.754999999999995
                ],
                [
                    14.299000000000007,
                    -34.955
                ],
                [
                    14.248999999999995,
                    -34.955
                ],
                [
                    14.099000000000018,
                    -35.105000000000004
                ],
                [
                    14.099000000000018,
                    -35.455
                ],
                [
                    14.049000000000007,
                    -35.504999999999995
                ],
                [
                    14.049000000000007,
                    -36.155
                ],
                [
                    13.998999999999995,
                    -36.205
                ],
                [
                    13.998999999999995,
                    -36.855000000000004
                ],
                [
                    13.949000000000012,
                    -36.905
                ],
                [
                    13.949000000000012,
                    -37.355000000000004
                ],
                [
                    13.998999999999995,
                    -37.405
                ],
                [
                    13.998999999999995,
                    -37.504999999999995
                ],
                [
                    14.049000000000007,
                    -37.55499999999999
                ],
                [
                    14.049000000000007,
                    -37.655
                ],
                [
                    14.099000000000018,
                    -37.705
                ],
                [
                    14.099000000000018,
                    -37.754999999999995
                ],
                [
                    14.399000000000001,
                    -38.05499999999999
                ],
                [
                    14.399000000000001,
                    -38.254999999999995
                ],
                [
                    14.449000000000012,
                    -38.30499999999999
                ],
                [
                    14.449000000000012,
                    -38.405
                ],
                [
                    14.399000000000001,
                    -38.455
                ],
                [
                    14.399000000000001,
                    -38.655
                ],
                [
                    14.349000000000018,
                    -38.705
                ],
                [
                    14.349000000000018,
                    -38.855000000000004
                ],
                [
                    14.299000000000007,
                    -38.905
                ],
                [
                    14.299000000000007,
                    -39.05499999999999
                ],
                [
                    14.248999999999995,
                    -39.105000000000004
                ],
                [
                    14.248999999999995,
                    -39.30499999999999
                ],
                [
                    14.199000000000012,
                    -39.355000000000004
                ],
                [
                    14.199000000000012,
                    -39.80500000000001
                ],
                [
                    14.248999999999995,
                    -39.85499999999999
                ],
                [
                    14.248999999999995,
                    -39.955
                ],
                [
                    14.299000000000007,
                    -40.004999999999995
                ],
                [
                    14.299000000000007,
                    -40.05500000000001
                ],
                [
                    14.599000000000018,
                    -40.35499999999999
                ],
                [
                    14.599000000000018,
                    -40.55500000000001
                ],
                [
                    14.649000000000001,
                    -40.60499999999999
                ],
                [
                    14.649000000000001,
                    -40.85499999999999
                ],
                [
                    14.599000000000018,
                    -40.905
                ],
                [
                    14.599000000000018,
                    -41.10499999999999
                ],
                [
                    14.549000000000007,
                    -41.155
                ],
                [
                    14.549000000000007,
                    -41.205
                ],
                [
                    14.498999999999995,
                    -41.254999999999995
                ],
                [
                    14.498999999999995,
                    -41.455
                ],
                [
                    14.449000000000012,
                    -41.504999999999995
                ],
                [
                    14.449000000000012,
                    -41.655
                ],
                [
                    14.399000000000001,
                    -41.705
                ],
                [
                    14.399000000000001,
                    -41.905
                ],
                [
                    14.349000000000018,
                    -41.955
                ],
                [
                    14.349000000000018,
                    -42.10499999999999
                ],
                [
                    14.299000000000007,
                    -42.155
                ],
                [
                    14.299000000000007,
                    -42.35499999999999
                ],
                [
                    14.248999999999995,
                    -42.405
                ],
                [
                    14.248999999999995,
                    -42.60499999999999
                ],
                [
                    14.199000000000012,
                    -42.655
                ],
                [
                    14.199000000000012,
                    -43.155
                ],
                [
                    14.399000000000001,
                    -43.35499999999999
                ],
                [
                    14.449000000000012,
                    -43.35499999999999
                ],
                [
                    14.498999999999995,
                    -43.405
                ],
                [
                    14.649000000000001,
                    -43.405
                ],
                [
                    14.699000000000012,
                    -43.455
                ],
                [
                    15.248999999999995,
                    -43.455
                ],
                [
                    15.299000000000007,
                    -43.504999999999995
                ],
                [
                    15.899000000000001,
                    -43.504999999999995
                ],
                [
                    15.949000000000012,
