{
    "imageCoordinateAxisAlignedBBox": [
        [
            2256,
            2601
        ],
        [
            2352,
            2688
        ]
    ],
    "mapCoordinateAxisAlignedBBox": [
        [
            8.599000000000018,
            -52.905
        ],
        [
            12.949000000000012,
            -57.705
        ]
    ],
    "walls": [
        {
            "closed": true,
            "beginning": [
                9.998999999999995,
                -54.60499999999999
            ],
            "clockwise": false,
            "center": [
                10.849000000000018,
                -55.504999999999995
            ],
            "midpoints": [
                [
                    10.498999999999995,
                    -54.35499999999999
                ],
                [
                    10.449000000000012,
                    -54.405
                ],
                [
                    10.399000000000001,
                    -54.405
                ],
                [
                    10.349000000000018,
                    -54.455
                ],
                [
                    10.299000000000007,
                    -54.455
                ],
                [
                    10.248999999999995,
                    -54.504999999999995
                ],
                [
                    10.199000000000012,
                    -54.504999999999995
                ],
                [
                    10.149000000000001,
                    -54.55500000000001
                ],
                [
                    10.099000000000018,
                    -54.55500000000001
                ],
                [
                    10.049000000000007,
                    -54.60499999999999
                ],
                [
                    9.998999999999995,
                    -54.60499999999999
                ],
                [
                    9.949000000000012,
                    -54.655
                ],
                [
                    9.949000000000012,
                    -54.754999999999995
                ],
                [
                    9.899000000000001,
                    -54.80500000000001
                ],
                [
                    9.899000000000001,
                    -54.905
                ],
                [
                    9.849000000000018,
                    -54.955
                ],
                [
                    9.849000000000018,
                    -55.10499999999999
                ],
                [
                    9.799000000000007,
                    -55.155
                ],
                [
                    9.799000000000007,
                    -55.254999999999995
                ],
                [
                    9.748999999999995,
                    -55.30500000000001
                ],
                [
                    9.748999999999995,
                    -55.405
                ],
                [
                    9.699000000000012,
                    -55.455
                ],
                [
                    9.699000000000012,
                    -55.55500000000001
                ],
                [
                    9.649000000000001,
                    -55.60499999999999
                ],
                [
                    9.649000000000001,
                    -55.705
                ],
                [
                    9.599000000000018,
                    -55.754999999999995
                ],
                [
                    9.599000000000018,
                    -56.205
                ],
                [
                    9.799000000000007,
                    -56.405
                ],
                [
                    9.949000000000012,
                    -56.405
                ],
                [
                    9.998999999999995,
                    -56.455
                ],
                [
                    10.849000000000018,
                    -56.455
                ],
                [
                    10.899000000000001,
                    -56.504999999999995
                ],
                [
                    11.199000000000012,
                    -56.504999999999995
                ],
                [
                    11.248999999999995,
                    -56.55500000000001
                ],
                [
                    11.449000000000012,
                    -56.55500000000001
                ],
                [
                    11.498999999999995,
                    -56.60499999999999
                ],
                [
                    11.649000000000001,
                    -56.60499999999999
                ],
                [
                    11.699000000000012,
                    -56.55500000000001
                ],
                [
                    11.748999999999995,
                    -56.55500000000001
                ],
                [
                    11.799000000000007,
                    -56.504999999999995
                ],
                [
                    11.799000000000007,
                    -56.455
                ],
                [
                    11.849000000000018,
                    -56.405
                ],
                [
                    11.849000000000018,
                    -56.35499999999999
                ],
                [
                    11.899000000000001,
                    -56.30500000000001
                ],
                [
                    11.899000000000001,
                    -56.155
                ],
                [
                    11.949000000000012,
                    -56.10499999999999
                ],
                [
                    11.949000000000012,
                    -55.754999999999995
                ],
                [
                    11.998999999999995,
                    -55.705
                ],
                [
                    11.998999999999995,
                    -55.504999999999995
                ],
                [
                    12.049000000000007,
                    -55.455
                ],
                [
                    12.049000000000007,
                    -55.405
                ],
                [
                    12.099000000000018,
                    -55.35499999999999
                ],
                [
                    12.099000000000018,
                    -55.004999999999995
                ],
                [
                    12.049000000000007,
                    -54.955
                ],
                [
                    12.049000000000007,
                    -54.905
                ],
                [
                    11.849000000000018,
                    -54.705
                ],
                [
                    11.748999999999995,
                    -54.705
                ],
                [
                    11.699000000000012,
                    -54.655
                ],
                [
                    11.549000000000007,
                    -54.655
                ],
                [
                    11.498999999999995,
                    -54.60499999999999
                ],
                [
                    11.349000000000018,
                    -54.60499999999999
                ],
                [
                    11.299000000000007,
                    -54.55500000000001
                ],
                [
                    11.099000000000018,
                    -54.55500000000001
                ],
                [
                    11.049000000000007,
                    -54.504999999999995
                ],
                [
                    10.998999999999995,
                    -54.504999999999995
                ],
                [
                    10.949000000000012,
                    -54.455
