{
    "imageCoordinateAxisAlignedBBox": [
        [
            1444,
            2595
        ],
        [
            1629,
            2676
        ]
    ],
    "mapCoordinateAxisAlignedBBox": [
        [
            8.299000000000007,
            -12.304999999999993
        ],
        [
            12.349000000000018,
            -21.554999999999993
        ]
    ],
    "walls": [
        {
            "closed": true,
            "beginning": [
                10.498999999999995,
                -12.954999999999984
            ],
            "clockwise": false,
            "center": [
                10.649000000000001,
                -16.554999999999993
            ],
            "midpoints": [
                [
                    10.498999999999995,
                    -12.954999999999984
                ],
                [
                    10.449000000000012,
                    -13.004999999999995
                ],
                [
                    10.399000000000001,
                    -13.004999999999995
                ],
                [
                    10.248999999999995,
                    -13.154999999999987
                ],
                [
                    10.199000000000012,
                    -13.154999999999987
                ],
                [
                    10.149000000000001,
                    -13.204999999999984
                ],
                [
                    10.149000000000001,
                    -13.404999999999987
                ],
                [
                    10.099000000000018,
                    -13.454999999999984
                ],
                [
                    10.099000000000018,
                    -14.004999999999995
                ],
                [
                    10.149000000000001,
                    -14.054999999999993
                ],
                [
                    10.149000000000001,
                    -14.204999999999984
                ],
                [
                    10.199000000000012,
                    -14.254999999999995
                ],
                [
                    10.199000000000012,
                    -14.35499999999999
                ],
                [
                    10.248999999999995,
                    -14.404999999999987
                ],
                [
                    10.248999999999995,
                    -14.504999999999995
                ],
                [
                    10.449000000000012,
                    -14.704999999999984
                ],
                [
                    10.449000000000012,
                    -14.904999999999987
                ],
                [
                    10.498999999999995,
                    -14.954999999999984
                ],
                [
                    10.498999999999995,
                    -15.10499999999999
                ],
                [
                    10.449000000000012,
                    -15.154999999999987
                ],
                [
                    10.449000000000012,
                    -15.35499999999999
                ],
                [
                    10.399000000000001,
                    -15.404999999999987
                ],
                [
                    10.399000000000001,
                    -15.554999999999993
                ],
                [
                    10.349000000000018,
                    -15.60499999999999
                ],
                [
                    10.349000000000018,
                    -15.804999999999993
                ],
                [
                    10.299000000000007,
                    -15.85499999999999
                ],
                [
                    10.299000000000007,
                    -16.054999999999993
                ],
                [
                    10.248999999999995,
                    -16.10499999999999
                ],
                [
                    10.248999999999995,
                    -16.254999999999995
                ],
                [
                    10.199000000000012,
                    -16.304999999999993
                ],
                [
                    10.199000000000012,
                    -16.404999999999987
                ],
                [
                    10.049000000000007,
                    -16.554999999999993
                ],
                [
                    10.049000000000007,
                    -16.60499999999999
                ],
                [
                    9.998999999999995,
                    -16.654999999999987
                ],
                [
                    9.998999999999995,
                    -16.754999999999995
                ],
                [
                    9.949000000000012,
                    -16.804999999999993
                ],
                [
                    9.949000000000012,
                    -16.954999999999984
                ],
                [
                    9.899000000000001,
                    -17.004999999999995
                ],
                [
                    9.899000000000001,
                    -17.10499999999999
                ],
                [
                    9.849000000000018,
                    -17.154999999999987
                ],
                [
                    9.849000000000018,
                    -17.654999999999987
                ],
                [
                    9.799000000000007,
                    -17.704999999999984
                ],
                [
                    9.799000000000007,
                    -18.054999999999993
                ],
                [
                    9.748999999999995,
                    -18.10499999999999
                ],
                [
                    9.748999999999995,
                    -18.304999999999993
                ],
                [
                    9.399000000000001,
                    -18.654999999999987
                ],
                [
                    9.349000000000018,
                    -18.654999999999987
                ],
                [
                    9.248999999999995,
                    -18.754999999999995
                ],
                [
                    9.248999999999995,
                    -18.804999999999993
                ],
                [
                    9.199000000000012,
                    -18.85499999999999
                ],
                [
                    9.199000000000012,
                    -18.904999999999987
                ],
                [
                    9.149000000000001,
                    -18.954999999999984
                ],
                [
                    9.149000000000001,
                    -19.004999999999995
                ],
                [
                    9.099000000000018,
                    -19.054999999999993
                ],
                [
                    9.099000000000018,
                    -19.204999999999984
                ],
                [
                    9.049000000000007,
                    -19.254999999999995
                ],
                [
                    9.099000000000018,
                    -19.304999999999993
                ],
                [
                    9.099000000000018,
                    -19.504999999999995
                ],
                [
                    9.199000000000012,
                    -19.60499999999999
                ],
                [
                    9.199000000000012,
                    -19.654999999999987
                ],
                [
                    9.248999999999995,
                    -19.704999999999984
                ],
                [
                    9.299000000000007,
                    -19.704999999999984
                ],
                [
                    9.399000000000001,
