{
    "imageCoordinateAxisAlignedBBox": [
        [
            1087,
            911
        ],
        [
            1177,
            1075
        ]
    ],
    "mapCoordinateAxisAlignedBBox": [
        [
            -75.90099999999998,
            5.545000000000002
        ],
        [
            -67.701,
            1.0450000000000017
        ]
    ],
    "walls": [
        {
            "closed": true,
            "beginning": [
                -75.25099999999999,
                4.345000000000013
            ],
            "clockwise": false,
            "center": [
                -71.851,
                3.845000000000013
            ],
            "midpoints": [
                [
                    -74.50099999999999,
                    4.89500000000001
                ],
                [
                    -74.55099999999999,
                    4.845000000000013
                ],
                [
                    -74.901,
                    4.845000000000013
                ],
                [
                    -75.101,
                    4.64500000000001
                ],
                [
                    -75.101,
                    4.595000000000013
                ],
                [
                    -75.151,
                    4.545000000000016
                ],
                [
                    -75.151,
                    4.4950000000000045
                ],
                [
                    -75.201,
                    4.445000000000007
                ],
                [
                    -75.201,
                    4.39500000000001
                ],
                [
                    -75.25099999999999,
                    4.345000000000013
                ],
                [
                    -75.25099999999999,
                    4.095000000000013
                ],
                [
                    -75.30099999999999,
                    4.045000000000016
                ],
                [
                    -75.25099999999999,
                    3.9950000000000045
                ],
                [
                    -75.25099999999999,
                    3.7450000000000045
                ],
                [
                    -75.201,
                    3.6950000000000074
                ],
                [
                    -75.201,
                    3.595000000000013
                ],
                [
                    -75.101,
                    3.4950000000000045
                ],
                [
                    -75.101,
                    3.4450000000000074
                ],
                [
                    -74.901,
                    3.2450000000000045
                ],
                [
                    -74.851,
                    3.2450000000000045
                ],
                [
                    -74.80099999999999,
                    3.1950000000000074
                ],
                [
                    -74.75099999999999,
                    3.1950000000000074
                ],
                [
                    -74.701,
                    3.1450000000000102
                ],
                [
                    -74.55099999999999,
                    3.1450000000000102
                ],
                [
                    -74.50099999999999,
                    3.095000000000013
                ],
                [
                    -73.951,
                    3.095000000000013
                ],
                [
                    -73.901,
                    3.1450000000000102
                ],
                [
                    -73.80099999999999,
                    3.1450000000000102
                ],
                [
                    -73.75099999999999,
                    3.095000000000013
                ],
                [
                    -73.55099999999999,
                    3.095000000000013
                ],
                [
                    -73.451,
                    2.9950000000000045
                ],
                [
                    -73.05099999999999,
                    2.9950000000000045
                ],
                [
                    -73.00099999999999,
                    2.9450000000000074
                ],
                [
                    -72.951,
                    2.9950000000000045
                ],
                [
                    -72.75099999999999,
                    2.9950000000000045
                ],
                [
                    -72.701,
                    3.045000000000016
                ],
                [
                    -72.651,
                    3.045000000000016
                ],
                [
                    -72.601,
                    2.9950000000000045
                ],
                [
                    -72.401,
                    2.9950000000000045
                ],
                [
                    -72.30099999999999,
                    2.8950000000000102
                ],
                [
                    -71.55099999999999,
                    2.8950000000000102
                ],
                [
                    -71.50099999999999,
                    2.9450000000000074
                ],
                [
                    -71.30099999999999,
                    2.9450000000000074
                ],
                [
                    -71.25099999999999,
                    2.8950000000000102
                ],
                [
                    -71.05099999999999,
                    2.8950000000000102
                ],
                [
                    -70.951,
                    2.795000000000016
                ],
                [
                    -70.55099999999999,
                    2.795000000000016
                ],
                [
                    -70.50099999999999,
                    2.7450000000000045
                ],
                [
                    -70.451,
                    2.795000000000016
                ],
                [
                    -70.25099999999999,
                    2.795000000000016
                ],
                [
                    -70.201,
                    2.845000000000013
                ],
                [
                    -70.151,
                    2.845000000000013
                ],
                [
                    -70.101,
                    2.795000000000016
                ],
                [
                    -69.901,
                    2.795000000000016
                ],
                [
                    -69.851,
                    2.7450000000000045
                ],
                [
                    -69.401,
                    2.7450000000000045
                ],
                [
                    -69.30099999999999,
                    2.845000000000013
                ],
                [
                    -69.101,
                    2.845000000000013
                ],
                [
                    -69.05099999999999,
                    2.8950000000000102
                ],
                [
                    -69.00099999999999,
                    2.845000000000013
                ],
                [
                    -68.75099999999999,
                    2.845000000000013
                ],
                [
                    -68.701,
                    2.8950000000000102
                ],
                [
                    -68.651,
                    2.8950000000000102
                ],
                [
                    -68.451,
                    3.095000000000013
                ],
                [
                    -68.451,
                    3.1450000000000102
                ],
                [
                    -68.401,
                    3.1950000000000074
                ],
                [
                    -68.401,
                    3.345000000000013
