{
    "imageCoordinateAxisAlignedBBox": [
        [
            1440,
            2657
        ],
        [
            1654,
            2747
        ]
    ],
    "mapCoordinateAxisAlignedBBox": [
        [
            11.399000000000001,
            -12.10499999999999
        ],
        [
            15.899000000000001,
            -22.804999999999993
        ]
    ],
    "walls": [
        {
            "closed": true,
            "beginning": [
                13.699000000000012,
                -12.754999999999995
            ],
            "clockwise": false,
            "center": [
                13.649000000000001,
                -17.35499999999999
            ],
            "midpoints": [
                [
                    13.699000000000012,
                    -12.754999999999995
                ],
                [
                    13.59899999999999,
                    -12.85499999999999
                ],
                [
                    13.549000000000007,
                    -12.85499999999999
                ],
                [
                    13.399000000000001,
                    -13.004999999999995
                ],
                [
                    13.34899999999999,
                    -13.004999999999995
                ],
                [
                    13.248999999999995,
                    -13.10499999999999
                ],
                [
                    13.248999999999995,
                    -13.704999999999984
                ],
                [
                    13.199000000000012,
                    -13.754999999999995
                ],
                [
                    13.199000000000012,
                    -14.504999999999995
                ],
                [
                    13.149000000000001,
                    -14.554999999999993
                ],
                [
                    13.149000000000001,
                    -15.304999999999993
                ],
                [
                    13.09899999999999,
                    -15.35499999999999
                ],
                [
                    13.09899999999999,
                    -16.10499999999999
                ],
                [
                    13.049000000000007,
                    -16.154999999999987
                ],
                [
                    13.049000000000007,
                    -16.904999999999987
                ],
                [
                    12.998999999999995,
                    -16.954999999999984
                ],
                [
                    12.998999999999995,
                    -17.704999999999984
                ],
                [
                    12.949000000000012,
                    -17.754999999999995
                ],
                [
                    12.949000000000012,
                    -18.504999999999995
                ],
                [
                    12.899000000000001,
                    -18.554999999999993
                ],
                [
                    12.899000000000001,
                    -19.304999999999993
                ],
                [
                    12.84899999999999,
                    -19.35499999999999
                ],
                [
                    12.84899999999999,
                    -20.10499999999999
                ],
                [
                    12.799000000000007,
                    -20.154999999999987
                ],
                [
                    12.799000000000007,
                    -21.704999999999984
                ],
                [
                    12.84899999999999,
                    -21.754999999999995
                ],
                [
                    12.84899999999999,
                    -21.804999999999993
                ],
                [
                    12.899000000000001,
                    -21.85499999999999
                ],
                [
                    12.899000000000001,
                    -21.904999999999987
                ],
                [
                    12.998999999999995,
                    -22.004999999999995
                ],
                [
                    13.049000000000007,
                    -22.004999999999995
                ],
                [
                    13.09899999999999,
                    -22.054999999999993
                ],
                [
                    13.149000000000001,
                    -22.054999999999993
                ],
                [
                    13.199000000000012,
                    -22.10499999999999
                ],
                [
                    13.649000000000001,
                    -22.10499999999999
                ],
                [
                    13.699000000000012,
                    -22.054999999999993
                ],
                [
                    13.748999999999995,
                    -22.054999999999993
                ],
                [
                    13.799000000000007,
                    -22.004999999999995
                ],
                [
                    13.84899999999999,
                    -22.004999999999995
                ],
                [
                    13.899000000000001,
                    -21.954999999999984
                ],
                [
                    13.899000000000001,
                    -21.904999999999987
                ],
                [
                    13.998999999999995,
                    -21.804999999999993
                ],
                [
                    13.998999999999995,
                    -21.60499999999999
                ],
                [
                    14.049000000000007,
                    -21.554999999999993
                ],
                [
                    14.049000000000007,
                    -21.054999999999993
                ],
                [
                    14.09899999999999,
                    -21.004999999999995
                ],
                [
                    14.09899999999999,
                    -20.804999999999993
                ],
                [
                    14.149000000000001,
                    -20.754999999999995
                ],
                [
                    14.149000000000001,
                    -20.554999999999993
                ],
                [
                    14.199000000000012,
                    -20.504999999999995
                ],
                [
                    14.199000000000012,
                    -20.404999999999987
                ],
                [
                    14.248999999999995,
                    -20.35499999999999
                ],
                [
                    14.248999999999995,
                    -20.054999999999993
                ],
                [
                    14.299000000000007,
                    -20.004999999999995
                ],
                [
                    14.299000000000007,
                    -18.804999999999993
                ],
                [
                    14.248999999999995,
                    -18.754999999999995
                ],
                [
                    14.248999999999995,
                    -18.704999999999984
                ],
                [
                    14.299000000000007,
                    -18.654999999999987
                ],
                [
                    14.299000000000007,
                    -18.454999999999984
                ],
                [
                    14.34899999999999,
                    -18.404999999999987
                ],
                [
                    14.34899999999999,
                    -18.154999999999987
                ],
                [
                    14.399000000000001,
                    -18.10499999999999
                ],
                [
                    14.399000000000001,
